{
    "display": {
        "title": {
            "translate": "advancement.ebwizardry:arcane_initiate"
        },
        "description": {
            "translate": "advancement.ebwizardry:arcane_initiate.desc"
        },
        "icon": {
            "item": "ebwizardry:magic_wand"
        }
    },
    "parent": "ebwizardry:crystal",
    "criteria": {
        "criteria_0": {
            "trigger": "minecraft:inventory_changed",
            "conditions": {
                "items": [
                    {
                        "item": "ebwizardry:magic_wand"
                    }
                ]
            }
        }
    }
}